name,age,zip3,gender
Grace Lopez,50,432,F
Grace Martinez,75,323,F
Thomas Moore,44,323,M
Paul Martin,66,323,M
Kyle Martinez,18,323,M
Emma Garcia,36,606,F
Kyle Smith,70,890,M
Marcus Lopez,31,110,M
Sally Davis,80,191,F
Frank Jackson,58,606,M
Bob Lee,53,432,M
Viola Williams,47,941,F
Roger Williams,19,112,M
David Davis,47,110,M
Emma Jones,75,323,F
Paul Martin,73,606,M
Ivan Jackson,69,323,M
Marcus Jones,40,941,F
Sally Rodriguez,54,062,F
Omar Jackson,69,021,M
Roger Martinez,67,941,M
Carol Jackson,74,890,F
Grace Gonzalez,45,062,F
Hannah Martin,74,303,F
Grace Taylor,61,062,F
Paul Nguyen,53,110,M
Viola Moore,69,890,F
Omar Martin,34,606,F
Ivan Brown,36,752,M
Alice Johnson,27,890,F
Thomas Taylor,69,432,M
Marcus Davis,76,303,M
Sally Martin,66,432,M
Marcus Rodriguez,53,890,M
Carol Williams,38,062,F
Grace Taylor,62,112,F
Omar Nguyen,27,323,M
Ivan Martin,78,606,M
Sally Martin,48,110,M
Lisa Rodriguez,27,062,F
Alice Lee,18,062,F
Roger Moore,20,110,M
Thomas Brown,33,606,M
Thomas Johnson,22,021,M
Sally Davis,27,021,F
Bob Wilson,54,062,M
Hannah Moore,32,062,F
Roger Patel,78,941,M
Omar Williams,23,110,M
Julia Patel,68,323,F
Viola Jackson,44,110,F
Hannah Jackson,69,303,F
Frank Smith,79,606,M
Frank Lee,47,941,M
David Smith,19,432,M
Marcus Lopez,61,752,M
Kyle Lopez,76,606,M
Marcus Taylor,54,323,M
Julia Patel,55,432,F
Lisa Rodriguez,20,941,M
Kyle Gonzalez,32,890,M
Emma Moore,43,021,F
Lisa Chen,77,112,M
Paul Johnson,46,890,M
Lisa Martin,63,890,F
Alice Patel,59,432,F
Lisa Jackson,75,941,F
Julia Chen,42,752,F
Ivan Moore,44,606,M
Frank Williams,29,191,M
Julia Nguyen,47,062,F
Ivan Williams,47,941,M
Bob Jackson,48,062,M
Grace Jackson,68,432,F
Sally Garcia,72,303,F
Nancy Smith,79,606,F
Kyle Lopez,44,432,M
Julia Smith,48,432,M
David Moore,61,323,M
Paul Brown,25,323,M
Sally Moore,66,323,F
Lisa Wilson,36,323,F
Sally Moore,26,606,F
Sally Garcia,79,110,F
Julia Garcia,61,021,F
David Chen,59,890,M
Grace Jackson,38,752,F
Roger Lee,36,191,M
Julia Nguyen,34,606,F
Alice Rodriguez,73,752,F
Ivan Smith,21,606,M
Nancy Smith,37,606,F
Grace Moore,54,191,F
Bob Taylor,56,890,M
Thomas Johnson,77,110,M
Bob Gonzalez,31,323,M
Kyle Rodriguez,80,890,M
Grace Davis,73,432,F
Sally Jones,36,191,F
Carol Rodriguez,74,021,F
Viola Lopez,36,112,F
Grace Williams,63,191,F
Bob Wilson,19,432,F
Paul Lopez,30,432,M
Carol Garcia,28,323,F
Grace Garcia,72,752,F
Omar Davis,56,890,M
Viola Smith,45,323,F
Hannah Davis,78,606,M
Frank Martinez,67,110,M
Nancy Patel,29,432,F
Alice Moore,61,432,F
Frank Nguyen,19,432,F
Nancy Smith,80,432,M
Paul Martin,44,752,M
Bob Patel,78,890,M
Roger Lee,71,941,M
Paul Johnson,59,432,M
Sally Lopez,58,432,F
Bob Johnson,60,021,M
Nancy Martin,41,110,M
Omar Patel,77,112,M
Frank Davis,78,303,M
Paul Nguyen,39,303,M
David Davis,47,890,M
Kyle Moore,20,941,F
Roger Williams,30,941,M
Ivan Patel,49,021,M
David Jackson,62,110,M
Carol Chen,23,752,F
David Moore,55,606,F
Hannah Garcia,80,941,M
Paul Brown,72,112,M
Roger Williams,54,021,M
Frank Jones,52,432,M
Julia Jackson,24,606,F
Hannah Jones,39,432,F
Sally Williams,20,112,F
Roger Brown,28,752,M
Viola Moore,36,191,F
Hannah Jones,30,112,F
Alice Gonzalez,59,062,F
Ivan Davis,69,432,M
Julia Jackson,19,941,F
Bob Moore,27,941,M
Alice Garcia,50,890,F
Alice Davis,22,191,F
Viola Brown,52,941,F
Thomas Gonzalez,33,941,M
Grace Lopez,49,606,F
Emma Jones,34,323,F
Viola Garcia,40,062,F
Marcus Garcia,53,432,M
Nancy Davis,61,062,F
Roger Davis,55,110,M
Emma Martin,67,752,F
Sally Martinez,53,112,F
Ivan Jackson,53,191,M
Bob Martin,43,191,M
Julia Brown,69,062,F
Nancy Davis,66,191,F
Ivan Wilson,42,303,M
Hannah Taylor,65,323,F
Hannah Rodriguez,35,191,F
Grace Lopez,35,062,F
Sally Patel,52,890,F
Sally Martinez,39,941,F
Paul Garcia,35,752,M
Roger Taylor,58,110,M
Frank Smith,22,191,F
Bob Rodriguez,39,606,M
Marcus Moore,51,303,M
Ivan Davis,59,191,M
Carol Jones,64,941,F
Alice Nguyen,53,112,F
Sally Patel,39,323,F
Thomas Rodriguez,71,062,M
Marcus Lopez,18,021,M
Nancy Garcia,60,752,F
Bob Smith,67,303,M
Kyle Jackson,47,323,M
David Lee,53,112,M
Lisa Moore,67,021,F
Grace Patel,39,303,F
Kyle Brown,56,890,M
Julia Williams,23,323,F
Ivan Jackson,61,323,M
Paul Patel,24,021,M
Sally Rodriguez,20,941,F
Paul Jackson,32,062,M
Bob Lopez,40,191,M
Thomas Martin,34,062,M
Bob Nguyen,77,112,M
Marcus Patel,19,062,M
David Nguyen,71,062,M
Lisa Davis,35,432,F
Frank Williams,31,323,M
Carol Rodriguez,73,606,F
Omar Moore,67,752,M
Marcus Gonzalez,23,432,M
Omar Gonzalez,79,752,M
Bob Lopez,41,941,M
Emma Moore,73,941,F
Sally Jackson,51,110,F
Grace Gonzalez,80,303,F
Alice Taylor,33,303,F
Ivan Jackson,72,432,M
Hannah Jackson,31,752,F
Marcus Patel,53,890,M
Bob Davis,59,110,M
Paul Gonzalez,64,432,M
Lisa Patel,56,432,F
Hannah Patel,26,890,F
Roger Johnson,41,432,M
Carol Nguyen,68,752,F
Julia Patel,35,432,F
David Patel,47,941,M
Julia Johnson,66,941,F
Hannah Rodriguez,47,752,F
Marcus Moore,33,432,F
Viola Martinez,24,323,M
Paul Lee,47,890,M
Ivan Patel,75,191,M
Hannah Jackson,20,062,F
Alice Johnson,23,323,F
Roger Nguyen,39,021,M
Julia Jackson,30,606,F
Ivan Rodriguez,30,941,M
Nancy Martinez,60,062,F
Lisa Davis,28,432,F
Ivan Rodriguez,47,191,M
Lisa Williams,58,112,F
Kyle Moore,56,062,M
Emma Brown,65,303,F
Grace Lee,40,112,F
Thomas Chen,25,941,M
Lisa Rodriguez,30,110,F
Alice Moore,80,941,F
Sally Williams,65,191,F
Frank Smith,48,432,M
Kyle Nguyen,71,191,M
Marcus Patel,24,941,M
Paul Martinez,72,062,F
Kyle Jones,29,021,F
Roger Johnson,77,112,M
Paul Lopez,66,752,M
Emma Taylor,47,191,F
Paul Jackson,70,432,M
Grace Nguyen,36,021,F
Emma Wilson,28,752,M
Omar Taylor,54,606,M
Frank Wilson,79,062,M
Thomas Martin,52,021,M
Hannah Lopez,46,191,F
Grace Jones,23,941,F
Paul Nguyen,19,021,M
Emma Gonzalez,51,606,F
Bob Patel,37,062,M
Nancy Lopez,63,062,F
Nancy Jones,33,432,F
Bob Rodriguez,20,062,M
Nancy Gonzalez,29,062,F
Lisa Garcia,55,062,F
Roger Jones,48,432,M
Alice Martin,78,303,F
Frank Johnson,51,062,M
Hannah Williams,33,432,F
Bob Nguyen,67,110,M
Roger Smith,40,323,M
Omar Chen,79,432,M
Grace Wilson,41,303,F
Roger Lee,53,941,M
Kyle Jones,19,432,F
Grace Rodriguez,43,021,F
Nancy Brown,21,752,F
Julia Jackson,35,191,F
Emma Nguyen,28,021,F
Lisa Moore,32,941,F
Paul Johnson,20,021,M
Kyle Jackson,29,606,F
Lisa Martin,21,752,F
Emma Chen,47,323,F
Sally Brown,18,752,F
Thomas Johnson,48,752,M
Emma Moore,28,432,F
Omar Wilson,52,303,M
Marcus Johnson,52,191,M
Nancy Moore,43,062,F
Emma Martinez,20,021,F
Ivan Jones,53,606,M
Kyle Gonzalez,29,941,M
Nancy Chen,53,303,F
Omar Lopez,43,752,M
Julia Taylor,23,021,F
David Lee,39,112,M
Roger Jackson,67,303,M
Marcus Patel,78,110,M
Julia Martin,18,432,F
Hannah Smith,70,110,F
Emma Martin,58,110,F
Roger Lopez,50,191,M
Emma Wilson,29,191,F
Sally Martinez,25,110,F
Nancy Williams,56,890,F
Roger Wilson,33,191,F
Paul Smith,80,021,M
Bob Chen,63,062,M
Roger Garcia,33,890,M
Marcus Chen,56,432,M
Marcus Garcia,22,941,M
Alice Gonzalez,51,752,F
Hannah Rodriguez,78,752,F
Alice Taylor,56,752,F
Hannah Jones,58,890,F
Alice Taylor,55,606,F
Grace Martinez,71,191,F
Kyle Lee,72,110,M
Sally Taylor,67,062,F
Viola Nguyen,46,112,F
Thomas Rodriguez,48,752,M
Bob Chen,24,323,M
Paul Smith,31,303,M
Viola Jones,32,112,F
Bob Chen,69,606,M
Nancy Jones,26,323,F
Bob Moore,43,303,M
Thomas Moore,37,432,M
Paul Jones,43,752,M
David Taylor,33,941,M
Omar Williams,20,112,M
Thomas Brown,37,941,M
Ivan Wilson,79,890,F
Frank Martin,61,021,M
Thomas Williams,65,021,M
Thomas Jackson,39,432,M
Viola Rodriguez,32,112,F
Paul Jackson,36,890,M
Thomas Jackson,78,606,M
Frank Jackson,32,021,M
Ivan Jackson,45,110,M
Thomas Davis,72,303,M
Paul Wilson,42,191,M
Alice Garcia,33,303,F
Julia Martin,60,191,M
Marcus Chen,21,021,M
Lisa Davis,19,432,F
Emma Garcia,25,303,F
Frank Garcia,47,323,M
David Jackson,61,323,M
Grace Rodriguez,33,191,F
Viola Smith,24,606,F
Bob Patel,44,062,F
Ivan Garcia,59,606,M
Lisa Moore,73,062,F
Bob Gonzalez,29,606,M
Emma Davis,33,941,F
Kyle Taylor,78,606,M
Paul Rodriguez,66,941,M
Emma Smith,61,062,F
Ivan Lee,46,062,M
Carol Taylor,48,191,F
Grace Johnson,44,941,F
Ivan Lee,34,112,M
Paul Jackson,33,110,M
Grace Davis,78,941,F
Alice Patel,63,191,F
Viola Nguyen,67,110,F
Grace Martinez,41,606,F
Ivan Lee,32,062,F
Sally Lopez,45,323,F
Roger Williams,32,112,M
Thomas Jackson,29,432,M
Ivan Nguyen,20,432,M
Thomas Nguyen,51,062,M
Viola Rodriguez,45,432,M
Lisa Wilson,46,941,F
David Jackson,79,752,M
Viola Garcia,76,890,M
Nancy Smith,76,303,F
Thomas Gonzalez,39,112,M
Bob Garcia,60,191,M
Frank Rodriguez,57,062,M
Thomas Jones,70,303,M
David Rodriguez,66,890,M
Kyle Wilson,38,323,M
Frank Davis,18,191,M
Frank Davis,68,752,M
Marcus Smith,72,303,M
Kyle Johnson,25,752,F
Viola Moore,57,890,M
Carol Garcia,67,191,F
Ivan Nguyen,42,752,M
Sally Smith,31,303,F
Carol Lee,32,941,F
Carol Davis,77,323,F
Paul Taylor,24,890,M
Thomas Moore,51,890,M
Thomas Johnson,36,941,M
Grace Rodriguez,32,606,F
Emma Garcia,68,606,F
Roger Jones,20,941,M
Kyle Moore,65,021,M
Viola Rodriguez,78,890,M
Paul Taylor,30,021,M
Ivan Williams,27,752,M
Paul Chen,56,110,M
Carol Lee,47,323,F
Ivan Martin,46,890,M
Hannah Smith,36,606,F
Hannah Rodriguez,30,752,F
Kyle Jackson,57,941,M
Lisa Lopez,28,112,F
Viola Smith,74,606,F
Lisa Taylor,78,941,M
David Jones,79,606,M
Alice Davis,54,890,F
Emma Nguyen,53,303,F
Lisa Lopez,34,606,F
Viola Moore,53,606,F
Paul Lee,62,303,M
Kyle Moore,40,941,M
Julia Patel,68,752,M
Sally Garcia,42,752,F
Roger Martin,41,303,M
Lisa Chen,78,191,F
Marcus Lee,76,890,M
Thomas Patel,66,752,M
Paul Johnson,53,191,M
Nancy Nguyen,48,890,F
Carol Williams,27,752,F
Kyle Jones,74,112,M
Grace Brown,37,606,F
Sally Rodriguez,22,062,F
Bob Williams,46,112,F
Carol Lee,36,110,F
Emma Brown,59,303,F
Paul Smith,19,191,M
Lisa Smith,58,191,F
Grace Nguyen,47,941,F
Ivan Lopez,52,112,M
Thomas Martinez,20,191,M
Roger Martin,30,112,F
Marcus Rodriguez,21,890,M
Bob Davis,30,432,M
Sally Moore,58,432,F
David Jones,52,606,M
Alice Rodriguez,47,890,F
Carol Gonzalez,20,062,F
Hannah Martin,43,606,F
David Garcia,34,606,M
Nancy Rodriguez,32,890,F
Lisa Nguyen,31,062,F
Alice Garcia,20,112,F
Omar Martin,40,941,M
Frank Patel,70,303,M
Thomas Williams,53,062,F
Ivan Williams,45,110,M
Paul Rodriguez,47,941,M
Frank Jones,72,191,M
Lisa Gonzalez,52,112,F
Thomas Wilson,67,112,M
Marcus Nguyen,67,191,M
Nancy Lopez,53,606,F
Lisa Nguyen,29,606,F
Kyle Chen,32,112,M
Nancy Williams,57,110,F
Kyle Taylor,20,752,M
Viola Lee,58,021,F
Sally Taylor,39,112,F
Emma Jones,20,303,M
Omar Rodriguez,67,752,M
Ivan Lee,25,112,M
Sally Garcia,63,021,F
Omar Patel,33,191,M
Roger Lopez,78,303,M
Sally Gonzalez,61,752,F
Alice Williams,76,941,F
Roger Nguyen,67,062,M
Sally Taylor,80,432,F
Emma Moore,66,752,F
Sally Jones,18,941,F
Frank Lee,57,191,M
Frank Moore,76,062,M
Paul Smith,22,021,M
Alice Johnson,58,191,F
Hannah Smith,19,062,F
Carol Smith,55,606,F
Kyle Johnson,30,323,M
Hannah Martin,30,303,F
Carol Davis,46,021,F
Lisa Johnson,37,432,F
Omar Martin,46,112,M
Omar Garcia,75,110,M
Frank Lee,75,606,M
Viola Jones,33,191,F
Emma Lee,18,941,F
Alice Martinez,39,432,F
Carol Johnson,72,752,F
Alice Brown,43,191,F
Viola Chen,42,303,F
Kyle Lee,74,110,M
Marcus Garcia,39,191,M
Julia Wilson,67,752,F
Emma Patel,44,062,F
Carol Jackson,63,606,F
Hannah Gonzalez,73,062,F
Marcus Smith,73,191,M
Marcus Gonzalez,64,941,M
Roger Gonzalez,28,303,M
Thomas Jackson,22,112,M
Lisa Brown,32,021,M
Hannah Martin,61,606,F
Omar Rodriguez,25,191,M
Paul Garcia,49,752,F
Thomas Gonzalez,24,752,M
Marcus Smith,60,110,M
Marcus Lopez,38,752,M
Paul Lopez,21,110,M
Frank Martinez,70,191,M
Grace Jones,49,110,F
Omar Patel,75,191,M
Roger Taylor,30,752,M
Paul Lee,26,752,M
Grace Taylor,75,890,F
Julia Jones,34,303,F
Ivan Jones,39,112,M
Omar Chen,54,021,M
Thomas Chen,18,432,M
Hannah Williams,27,890,F
Hannah Smith,65,752,F
Hannah Jones,28,432,F
Nancy Taylor,62,021,F
Thomas Davis,20,110,M
Carol Garcia,52,432,F
Roger Moore,46,021,M
Viola Garcia,38,606,F
Kyle Moore,21,606,M
Nancy Martinez,65,890,F
Hannah Lopez,73,941,F
Frank Wilson,41,112,M
Ivan Brown,65,021,M
Omar Patel,76,062,M
Frank Johnson,59,432,M
Hannah Garcia,62,323,F
Frank Garcia,29,606,M
Lisa Jackson,79,191,F
Frank Johnson,47,021,M
Alice Chen,26,303,F
Paul Jones,66,112,M
Roger Jones,56,191,M
Lisa Nguyen,32,941,F
Marcus Williams,67,110,M
Bob Lopez,20,606,M
Lisa Davis,25,021,F
Carol Rodriguez,30,112,F
Marcus Lee,64,112,M
Marcus Lee,79,890,M
Grace Chen,66,752,F
Nancy Martinez,58,191,F
Emma Rodriguez,39,432,F
David Johnson,56,432,M
Ivan Moore,19,606,M
Bob Nguyen,26,890,F
Frank Lee,20,303,M
Alice Patel,29,191,F
Alice Chen,24,191,F
Julia Smith,41,112,F
Grace Lee,74,062,M
Hannah Gonzalez,59,752,F
Grace Jackson,31,752,F
Grace Wilson,19,432,F
Hannah Brown,50,110,F
Emma Martinez,41,941,F
Grace Patel,29,941,F
Lisa Jackson,74,890,F
Frank Brown,49,432,M
Kyle Martin,43,021,M
Viola Smith,41,752,F
Julia Williams,71,110,F
Omar Lopez,62,021,F
Hannah Nguyen,26,062,F
Ivan Nguyen,71,606,M
Julia Gonzalez,69,890,F
Marcus Williams,34,112,M
Kyle Jones,43,021,M
Sally Taylor,23,303,F
Thomas Martinez,43,112,M
Carol Davis,52,752,M
Viola Wilson,61,941,F
Kyle Smith,54,110,M
Carol Lopez,45,752,F
Nancy Martinez,43,606,F
Kyle Gonzalez,28,110,M
Paul Martin,47,606,M
Alice Gonzalez,66,323,F
Frank Williams,34,752,M
Frank Gonzalez,78,606,M
Nancy Taylor,29,021,F
Bob Rodriguez,52,303,M
Hannah Rodriguez,42,890,F
Alice Martin,39,110,F
Omar Wilson,78,110,M
David Lee,44,112,M
Viola Moore,21,062,F
Paul Jackson,29,021,M
Nancy Wilson,45,941,F
Julia Johnson,45,112,F
Paul Taylor,44,323,M
Bob Martinez,64,112,M
Thomas Martin,23,606,M
Alice Smith,67,323,F
Omar Gonzalez,68,062,M
Ivan Smith,19,941,M
Omar Patel,29,432,M
Marcus Smith,78,606,M
Ivan Gonzalez,27,323,M
Omar Nguyen,37,941,M
Marcus Jackson,20,303,M
Frank Patel,35,752,M
Lisa Lee,72,062,F
Kyle Nguyen,45,110,M
Sally Brown,28,890,F
Lisa Garcia,45,112,F
Marcus Taylor,46,323,M
Julia Lee,36,606,F
David Brown,72,752,M
Viola Taylor,59,323,F
Frank Taylor,26,890,M
David Chen,22,432,M
Roger Wilson,20,303,M
Lisa Chen,22,941,F
Ivan Jones,50,110,M
Roger Chen,57,191,F
Kyle Lee,32,432,M
Lisa Garcia,29,323,F
Sally Martin,23,191,F
Alice Patel,72,303,M
Thomas Davis,27,323,M
Julia Johnson,49,752,F
Julia Lopez,42,191,F
Marcus Wilson,65,021,M
Marcus Garcia,49,112,M
Frank Brown,36,191,M
Hannah Rodriguez,46,303,F
Ivan Nguyen,38,021,M
Emma Lee,37,606,F
Thomas Williams,44,021,M
Roger Rodriguez,79,191,M
Paul Williams,39,112,M
Carol Smith,47,890,F
Sally Jackson,38,606,F
Viola Moore,25,021,F
Grace Brown,69,303,F
Emma Davis,45,021,F
Sally Smith,53,112,F
Lisa Taylor,50,112,F
Emma Gonzalez,39,890,F
Thomas Rodriguez,22,021,M
Emma Johnson,25,323,F
Bob Williams,78,752,M
Viola Jones,22,191,F
Grace Davis,77,062,F
David Martinez,57,890,M
Hannah Lee,23,890,F
Julia Davis,36,323,F
Carol Gonzalez,69,941,F
Emma Moore,59,432,F
Thomas Johnson,36,323,M
Thomas Lopez,33,606,M
Viola Chen,32,062,F
Nancy Brown,59,110,F
Roger Taylor,54,191,M
Grace Rodriguez,56,890,M
Viola Patel,35,062,F
Viola Nguyen,75,112,F
Omar Smith,39,323,M
Sally Gonzalez,50,021,F
Frank Davis,41,432,M
David Rodriguez,65,941,M
Bob Chen,52,752,M
Bob Rodriguez,22,432,M
Ivan Brown,69,941,F
David Jones,23,303,M
David Martin,68,191,M
Alice Rodriguez,55,112,F
Viola Chen,44,890,F
Frank Gonzalez,52,890,M
Grace Williams,69,062,M
Nancy Lee,39,112,M
Emma Nguyen,32,112,F
Alice Martin,35,062,F
Kyle Taylor,42,303,M
Paul Jackson,59,110,M
Roger Lee,52,021,M
Viola Nguyen,22,432,F
Ivan Lee,76,303,M
Sally Johnson,80,110,F
Thomas Lopez,45,303,M
Grace Nguyen,75,606,M
David Nguyen,64,110,M
Grace Jackson,21,112,F
Kyle Davis,42,062,M
Paul Garcia,76,062,M
Hannah Nguyen,62,110,F
Frank Williams,22,941,M
Hannah Smith,29,432,F
Sally Moore,39,941,F
Bob Moore,19,941,M
David Taylor,66,323,M
Kyle Moore,22,062,M
Frank Jackson,50,062,M
Omar Nguyen,54,323,M
Roger Jones,61,752,M
Grace Martin,56,062,F
Paul Davis,38,062,M
Bob Rodriguez,45,021,M
David Davis,79,752,M
Omar Brown,79,432,M
Ivan Martin,19,191,M
Paul Martin,23,323,F
Lisa Lee,43,941,F
Sally Williams,74,432,F
Kyle Lee,49,062,M
Sally Jackson,75,303,F
Ivan Nguyen,20,303,M
Hannah Smith,22,323,F
Emma Taylor,28,941,F
Thomas Johnson,31,191,M
Kyle Lopez,20,191,M
Omar Johnson,48,062,M
Kyle Jackson,80,191,M
Viola Davis,48,323,F
Emma Smith,21,191,M
Roger Wilson,29,323,M
Lisa Jackson,30,941,F
Kyle Lee,79,062,M
Sally Lopez,67,606,F
Sally Brown,40,606,F
Grace Lopez,54,303,F
Marcus Jackson,46,303,M
Frank Jones,36,110,F
Viola Martin,33,941,M
Kyle Brown,26,303,M
Emma Chen,80,752,F
David Patel,78,432,M
Marcus Martin,21,752,F
Julia Taylor,35,752,F
Alice Williams,39,432,F
Roger Rodriguez,35,941,M
Omar Chen,37,303,M
Grace Williams,71,303,F
Lisa Lopez,54,606,F
Omar Brown,76,432,M
Grace Williams,56,191,M
Bob Martin,36,752,M
Emma Lopez,78,432,F
Frank Jones,59,191,M
Marcus Lee,80,941,M
David Patel,19,112,M
Viola Patel,62,323,F
Emma Lee,70,890,F
Frank Chen,43,323,M
Bob Moore,33,191,M
Thomas Johnson,29,062,M
Emma Johnson,63,191,F
Hannah Moore,71,110,F
David Wilson,37,110,M
Alice Lopez,40,606,F
Omar Martinez,21,021,M
Carol Taylor,22,752,F
Frank Lopez,73,191,M
Bob Taylor,67,941,M
Julia Brown,72,752,F
Omar Moore,51,303,M
Carol Chen,27,110,F
Bob Nguyen,76,062,M
Omar Wilson,51,941,M
Nancy Martinez,50,752,F
Lisa Smith,68,191,F
Roger Smith,62,110,M
Grace Gonzalez,26,941,F
Kyle Davis,38,303,M
Bob Williams,53,303,M
Sally Williams,49,752,F
Viola Davis,23,323,F
Roger Lopez,75,112,M
David Gonzalez,58,303,M
Thomas Chen,53,303,F
Emma Taylor,20,112,F
Lisa Rodriguez,23,890,F
Lisa Moore,46,303,F
Alice Martinez,46,191,F
Hannah Rodriguez,50,021,F
Bob Martin,51,110,M
Carol Lopez,64,606,F
Paul Brown,67,112,M
Marcus Jones,25,941,M
Bob Martinez,55,432,M
Julia Lopez,48,191,F
Nancy Taylor,20,112,F
Marcus Brown,19,432,M
Alice Wilson,21,432,F
Frank Chen,40,191,M
Nancy Patel,44,752,F
Sally Lopez,28,062,F
Viola Martinez,44,890,F
Paul Smith,35,303,M
Grace Johnson,36,112,F
Grace Martin,28,110,F
Emma Nguyen,61,890,F
Hannah Chen,79,062,M
Bob Patel,75,606,M
Frank Lopez,48,110,M
Kyle Davis,60,941,M
Ivan Smith,41,432,M
Emma Jackson,28,303,M
David Moore,76,303,M
Lisa Jackson,32,941,F
Roger Gonzalez,65,021,M
Kyle Martin,20,323,M
Grace Martinez,78,606,F
Kyle Lopez,49,021,M
Frank Johnson,25,110,M
Thomas Jones,74,062,M
Frank Williams,75,752,M
Kyle Gonzalez,46,432,M
Nancy Martin,45,432,F
Roger Garcia,47,112,M
Kyle Rodriguez,63,021,M
Lisa Williams,74,941,F
Lisa Jones,38,112,F
Roger Rodriguez,79,112,M
Frank Johnson,29,110,M
Paul Martinez,77,062,M
Bob Nguyen,65,062,M
Sally Garcia,39,752,F
Marcus Martin,60,062,F
Lisa Brown,47,752,F
Nancy Rodriguez,79,890,F
Frank Brown,57,110,M
Sally Jones,24,432,F
Emma Garcia,71,432,F
Nancy Brown,24,062,F
Paul Chen,20,112,F
Bob Williams,18,890,M
Viola Wilson,25,191,F
Lisa Chen,24,110,F
Omar Martin,56,890,M
Omar Williams,34,112,M
Lisa Lee,70,890,M
Ivan Martin,40,606,M
Julia Martin,61,941,F
David Davis,50,191,F
Ivan Lopez,25,062,M
Viola Martin,26,112,F
Ivan Johnson,21,606,M
Hannah Johnson,60,941,F
Frank Jones,78,941,M
Kyle Gonzalez,47,303,M
Ivan Taylor,60,110,M
Frank Rodriguez,57,062,M
Emma Jones,55,890,F
Marcus Brown,22,110,M
Sally Moore,54,606,F
Roger Jackson,61,752,M
Alice Gonzalez,71,323,F
Lisa Martin,54,112,F
Kyle Williams,57,110,M
Julia Patel,37,191,F
Thomas Smith,20,752,M
Kyle Garcia,79,432,M
Viola Moore,19,062,F
Paul Chen,18,432,F
David Davis,80,021,M
Viola Brown,56,062,F
Sally Williams,18,941,F
David Chen,24,323,M
Ivan Johnson,48,110,M
Nancy Moore,76,110,F
Bob Brown,50,752,F
Thomas Johnson,43,191,F
Carol Jackson,79,062,M
Ivan Lee,64,303,M
Marcus Lopez,20,752,M
Thomas Wilson,49,112,M
Roger Garcia,43,941,M
Hannah Jones,62,941,F
Viola Wilson,29,606,F
Kyle Smith,46,432,M
Omar Martin,37,191,M
Sally Wilson,61,941,F
Paul Nguyen,62,191,M
Hannah Patel,28,890,F
Bob Smith,58,752,M
Nancy Lopez,23,323,F
Kyle Rodriguez,70,021,M
Sally Brown,36,303,F
Paul Lee,33,432,F
Hannah Lee,43,432,F
Lisa Gonzalez,74,110,M
Frank Jackson,77,606,M
Ivan Chen,22,021,M
Sally Jackson,25,021,F
Nancy Lopez,39,112,M
Viola Martin,50,062,F
David Brown,20,021,M
David Johnson,35,062,F
Thomas Martin,70,890,M
Kyle Davis,46,752,M
Omar Moore,48,432,M
Emma Johnson,62,606,F
Alice Jackson,24,021,F
Hannah Brown,26,021,F
Thomas Brown,32,890,F
David Nguyen,80,062,M
Marcus Lee,26,303,M
Marcus Rodriguez,28,432,M
Marcus Chen,35,191,F
Sally Davis,72,303,F
Lisa Lee,43,606,F
Omar Moore,24,752,M
Viola Brown,30,062,F
Frank Smith,20,606,M
Julia Lee,29,890,F
Carol Jones,42,110,F
Grace Patel,71,021,F
Bob Lopez,76,323,M
Nancy Patel,53,941,F
Bob Smith,19,941,F
Carol Lee,34,110,F
David Taylor,44,606,M
Hannah Rodriguez,40,112,F
Hannah Nguyen,40,112,F
Lisa Moore,24,606,F
Sally Jones,60,941,F
Carol Brown,28,191,F
Omar Moore,33,890,M
Hannah Martin,24,110,F
Lisa Brown,72,323,F
Hannah Moore,39,606,F
Carol Johnson,28,323,F
Viola Gonzalez,29,752,F
Viola Chen,25,752,F
Nancy Garcia,68,303,F
Bob Martin,35,432,F
Hannah Garcia,18,432,F
Nancy Lopez,46,112,F
Roger Wilson,55,110,M
Grace Gonzalez,72,112,F
Bob Brown,21,323,M
Bob Davis,27,606,M
Grace Lee,67,606,F
Ivan Jackson,57,191,F
Hannah Moore,58,191,F
Sally Johnson,24,112,F
Bob Rodriguez,32,021,F
Grace Rodriguez,72,606,F
Emma Chen,61,606,F
Grace Jones,53,752,F
Viola Davis,40,432,F
Sally Lee,57,191,F
Marcus Johnson,61,323,M
Sally Smith,57,432,F
Nancy Wilson,73,752,F
Nancy Wilson,34,606,F
Emma Garcia,55,021,F
Marcus Smith,76,110,F
Marcus Moore,34,323,M
Roger Patel,20,752,M
Alice Williams,64,112,F
Roger Lee,80,432,M
Alice Davis,24,941,M
Bob Johnson,22,323,M
Grace Wilson,68,110,F
Bob Patel,21,021,M
Nancy Williams,43,432,F
Sally Patel,18,303,F
Viola Johnson,66,062,F
Frank Williams,24,191,M
Hannah Williams,55,062,F
Kyle Smith,39,303,M
Nancy Jones,39,110,F
Hannah Johnson,21,606,F
Grace Smith,53,062,F
Bob Martinez,20,062,M
Alice Smith,25,112,M
Grace Davis,62,303,F
Marcus Gonzalez,73,606,M
Alice Garcia,46,941,F
Marcus Garcia,66,062,M
Julia Patel,37,112,F
Bob Wilson,69,323,M
Viola Wilson,73,021,F
Sally Davis,27,323,F
Nancy Lee,68,303,F
Emma Brown,54,021,F
Alice Patel,45,752,F
Sally Johnson,58,432,F
Grace Jackson,45,323,F
Bob Brown,43,021,M
